{
  "variables": {
    "aws_access_key": "",
    "aws_secret_key": ""
  },
  "builders": [{
    "type": "amazon-ebs",
    "access_key": "{{user `aws_access_key`}}",
    "secret_key": "{{user `aws_secret_key`}}",
    "region": "us-east-1",
    "source_ami": "ami-02eac2c0129f6376b",
    "instance_type": "t2.micro",
    "ssh_username": "centos",
    "ami_name": "packer-ami-2-{{timestamp}}"
  }],

  "provisioners": [
   {
      "type": "shell-local",
      "command": "tar cf CentOS-7.6-v1.0.0-Gold-Patched-2019-2-22---02.tar CentOS-7.6-v1.0.0-Gold-Patched-2019-2-22---02"
   },
   {
      "type": "file",
      "source": "CentOS-7.6-v1.0.0-Gold-Patched-2019-2-22---02.tar",
      "destination": "/home/centos/CentOS-7.6-v1.0.0-Gold-Patched-2019-2-22---02.tar"
   },
   {
      "type": "shell",
      "script": "CentOS-7.6-v1.0.0-Gold-Patched-2019-2-22---02/provision.sh"
   }
   
  ]
}
