{
  "variables": {
    "aws_access_key": "",
    "aws_secret_key": "",
    "iam_instance_profile": "packer-role"
  },
  "builders": [{
    "type": "amazon-ebs",
    "access_key": "{{user `aws_access_key`}}",
    "secret_key": "{{user `aws_secret_key`}}",
    "region": "us-east-1",
    "source_ami": "ami-02eac2c0129f6376b",
    "instance_type": "t2.micro",
    "ssh_username": "centos",
    "ami_name": "packer-ami-1-{{timestamp}}",
    "iam_instance_profile": "{{user `iam_instance_profile`}}"

  }],

  "provisioners": [
   {
      "type": "shell-local",
      "command": "tar cf CentOS-7.5-v1.3.21-Gold-Patched-2018-10-14---01.tar CentOS-7.5-v1.3.21-Gold-Patched-2018-10-14---01"
   },
   {
      "type": "file",
      "source": "CentOS-7.5-v1.3.21-Gold-Patched-2018-10-14---01.tar",
      "destination": "/home/centos/CentOS-7.5-v1.3.21-Gold-Patched-2018-10-14---01.tar"
   },
   {
      "type": "shell",
      "script": "CentOS-7.5-v1.3.21-Gold-Patched-2018-10-14---01/provision.sh"
   }
   
  ]
}
