{
  "variables": {
    "aws_access_key": "",
    "aws_secret_key": "",
    "iam_instance_profile": "packer-role"
  },
  "builders": [{
    "type": "amazon-ebs",
    "access_key": "{{user `aws_access_key`}}",
    "secret_key": "{{user `aws_secret_key`}}",
    "region": "us-east-1",
    "source_ami": "ami-0370c0695800a53a7",
    "instance_type": "t2.micro",
    "ssh_username": "centos",
    "vpc_id": "vpc-00b4e99ee9ca67ad9",
    "subnet_id": "subnet-084dd6a684df606c6",
    "associate_public_ip_address": true,
    "ssh_interface": "private_ip",
    "ami_name": "CentOS-7.6-v1.1.4-Gold-ENCRYPTED-Patched-2019-05-08",
    "iam_instance_profile": "{{user `iam_instance_profile`}}"

  }],

  "provisioners": [
   {
      "type": "shell-local",
      "command": "tar cf CentOS-7.6-v1.1.4-Gold-ENCRYPTED-Patched-2019-05-08.tar CentOS-7.6-v1.1.4-Gold-ENCRYPTED-Patched-2019-05-08"
   },
   {
      "type": "file",
      "source": "CentOS-7.6-v1.1.4-Gold-ENCRYPTED-Patched-2019-05-08.tar",
      "destination": "/home/centos/CentOS-7.6-v1.1.4-Gold-ENCRYPTED-Patched-2019-05-08.tar"
   },
   {
      "type": "shell",
      "script": "CentOS-7.6-v1.1.4-Gold-ENCRYPTED-Patched-2019-05-08/provision.sh"
   }
   
  ]
}
